corpus,date,time
nice work,2020-08-03,23:26:00
It s on at least 3 streams on yet and,2020-08-03,23:26:01
lt eyes,2020-08-03,23:26:06
Good luck we are all watching,2020-08-03,23:26:07
Smooth hopping,2020-08-03,23:26:07
Who else is watching the stream,2020-08-03,23:26:07
Nothing new has really been achieved though,2020-08-03,23:26:07
Not really redistributed but rather paid fairly for the work that contributed to creatiion of wealth Perhaps if you obtain better education so you program robots to do all hard work then maybe the future of human robotic civilization will be assured,2020-08-03,23:26:08
Elon musk is here,2020-08-03,23:26:08
Will there be a SpaceX livestream,2020-08-03,23:26:10
Waiting patiently,2020-08-03,23:26:10
Where s the eyes,2020-08-03,23:26:10
especially in places like the Bay Area and L A and New York He s right and if I d assume he s laying down a warning in a hopeful manner Why do I say this He could live anywhere in the world and have his boots kissed and he lives in the US,2020-08-03,23:26:10
stoked,2020-08-03,23:26:11
Excited,2020-08-03,23:26:11
SpaceX official livestream,2020-08-03,23:26:11
Good luck SN5,2020-08-03,23:26:13
We do How did they move 2 3 million rocks averaging 2 5 tons over 500 miles,2020-08-03,23:26:16
Tim why no nose cone,2020-08-03,23:26:17
Blocky end up check Umm Other Blocky end down check GodSpeed,2020-08-03,23:26:18
Unusually busy week,2020-08-03,23:26:19
Eyes,2020-08-03,23:26:19
Dood I want to sleeeeeep xD,2020-08-03,23:26:20
Really hope you and we get to witness that,2020-08-03,23:26:20
Hello Tim,2020-08-03,23:26:21
We re all pulling for yah Mars or bust,2020-08-03,23:26:21
Good Luck I am Hyped,2020-08-03,23:26:21
I was watching,2020-08-03,23:26:24
We re all watching,2020-08-03,23:26:25
I m so exited Good luck,2020-08-03,23:26:25
When you saw this tweet happen,2020-08-03,23:26:25
i mean if you really wanna know the size of that just ask my girl,2020-08-03,23:26:25
Are we going to have official stream of,2020-08-03,23:26:25
Really excited Good luck,2020-08-03,23:26:28
Synaps well thats never going to happen unless within the next 10 years or so,2020-08-03,23:26:28
Watching your live stream Good Luck Go SpaceX,2020-08-03,23:26:29
Hate it when this happens It ways happens to me,2020-08-03,23:26:31
Thanks for the update sir,2020-08-03,23:26:31
Livestream,2020-08-03,23:26:32
Yes let s go,2020-08-03,23:26:33
No need its Only 150m,2020-08-03,23:26:33
Can Taiwan have Model Y delivery in early 2021 Our EV incentives will end by 2021 12 31,2020-08-03,23:26:33
This is exciting Good luck twitter com elonmusk statu,2020-08-03,23:26:33
Godspeed,2020-08-03,23:26:34
Where is the control room Hope Elon is safe,2020-08-03,23:26:34
How is that future assured Specifics,2020-08-03,23:26:35
I m confused,2020-08-03,23:26:35
Yeah Will there be a drone livestream,2020-08-03,23:26:35
1 Your move,2020-08-03,23:26:36
Falcon 5 Probably not but there are a few to choose from Everyday Astronaut has his own camera up and streaming for example,2020-08-03,23:26:38
Good luck,2020-08-03,23:26:38
Best of luck guys We re glued to our screens Can t wait to see the leaning hover,2020-08-03,23:26:40
Will there be a SpaceX hosted livestream,2020-08-03,23:26:44
SN 5 150m hop in 30 minutes per Elon Musk STARSHIP SpaceX Good luck,2020-08-03,23:26:44
good luck guys will it be livestreamed,2020-08-03,23:26:44
atmospheric entry plasma there s a phrase I dont get to use often enough in sentences,2020-08-03,23:26:44
Lmao catastarpult,2020-08-03,23:26:46
Crossing my fingers,2020-08-03,23:26:47
Can t wait,2020-08-03,23:26:47
Is stoked still a fashionable word to use with the kids I sure am,2020-08-03,23:26:50
Awesome Good luck Im watching ur feed good job bro,2020-08-03,23:26:51
GOOD LUCKKK I WAS HERE,2020-08-03,23:26:51
Chilling with in Stream and looking from germany the hop Good luck,2020-08-03,23:26:51
Tap space to jump,2020-08-03,23:26:51
One more stream,2020-08-03,23:26:53
Good luck today,2020-08-03,23:26:53
SN5 Time to fly good luck,2020-08-03,23:26:57
All that money All those engineers All those scientists and he wants to use his resources to conquer other planets instead of just saving this one Cool Maybe just go buy an island and live away from the rest of humanity instead,2020-08-03,23:26:58
if you ever make space x an ipo I m in forever just saying soooo cool,2020-08-03,23:26:58
I love watching this highlight of quarantine following all the SpaceX stuff,2020-08-03,23:26:58
Riot there is no hello,2020-08-03,23:27:00
Grain silos can fly,2020-08-03,23:27:00
Will there be an official stream,2020-08-03,23:27:01
It s happening SN5Hop Starship twitter com elonmusk statu,2020-08-03,23:27:03
I want a 2 2 success for this week An SN6 reaching space in a week and a bag of Doritos,2020-08-03,23:27:04
Will SpaceX stream the Hop,2020-08-03,23:27:05
Tim couldn t find the,2020-08-03,23:27:06
Good luck,2020-08-03,23:27:07
Will SpaceX have an official stream,2020-08-03,23:27:09
Occupy MARS BABY,2020-08-03,23:27:10
33 min to SN5 try to hop 150m,2020-08-03,23:27:10
Since DM 2 ended just yesterday you must be excited most of your lifetime,2020-08-03,23:27:13
Aha saw them too in the stream,2020-08-03,23:27:13
Right on can t wait go starship,2020-08-03,23:27:15
Elon Musk just tweeted I m in the Boca control room Hop attempt in 33 minutes We are go for hop,2020-08-03,23:27:15
AWESOME,2020-08-03,23:27:19
Official SpaceX livestream scheduled,2020-08-03,23:27:20
All of Them,2020-08-03,23:27:21
The height of the jump doesn t require it and this is mainly just to test this tank More likely to see a nosecone on SN8 if it goes for the 20km hop,2020-08-03,23:27:21
Elon Musk is launching manned commercial spaceships and the US has created Spce Force so I guess Moonraker is only 10 years away,2020-08-03,23:27:23
Yeah it did,2020-08-03,23:27:25
Good luck SpaceX,2020-08-03,23:27:27
scarface I m not trying to dumb nothing wtf Chill out dude calm down your ego,2020-08-03,23:27:28
Fingers crossed elon,2020-08-03,23:27:28
Thanks for the update We re all looking forward to it,2020-08-03,23:27:29
Pyramids Are Not What You Think They Are Underground Halls Beneath Them youtu be jtufUVQRzt0 via,2020-08-03,23:27:30
GOOOOOOOO Thank you for the update Be safe,2020-08-03,23:27:30
Whaaaaaaat,2020-08-03,23:27:31
Hells yeah AirPods and Tim s stream make work not too bad,2020-08-03,23:27:33
SpaceX live stream,2020-08-03,23:27:34
Good luck elon fingers crossed for ya buddy,2020-08-03,23:27:38
Best of Luck GODSPEED Let s do this,2020-08-03,23:27:43
Hoping for a norminal hop You can do it you shiny grain silo twitter com elonmusk statu,2020-08-03,23:27:43
Awesome looking forward to this a great deal,2020-08-03,23:27:44
Exciting,2020-08-03,23:27:45
However the mass simulator on top makes up for not having the weight of the nose cone,2020-08-03,23:27:45
Sooo are you saying that life is not already multi planetary Really,2020-08-03,23:27:45
beedoo beedo beedoo youtube com watch v 59K40A,2020-08-03,23:27:48
Maybe an interesting Elon Musk background humansarefree com 2020 05 illumi twitter com EpochOpinion s,2020-08-03,23:27:52
new ship,2020-08-03,23:27:54
KR As far as we know it s in the Stargate building at the build site about 2 miles away,2020-08-03,23:27:55
What s your day job and how can we prise you away from it,2020-08-03,23:28:01
May be he is not that smart Or turning into Nikola Tesla or Howard Hughes,2020-08-03,23:28:02
Good luck Watching with,2020-08-03,23:28:02
Did you bring along Bob and Doug,2020-08-03,23:28:03
Good look amp I can t wait and thank you for making space exciting to me again,2020-08-03,23:28:03
Best wishes from Australia,2020-08-03,23:28:06
Is he high,2020-08-03,23:28:06
Godspeed,2020-08-03,23:28:08
Getting chills already giving my son a bath he has 25 min to finish get in his pj s read me a book ah I guess I am reading him the book then we watch Starship Hop and light out after that for him,2020-08-03,23:28:09
In Musk we trust,2020-08-03,23:28:10
So you ve missed the eyes didn t you,2020-08-03,23:28:11
The future is hopeful,2020-08-03,23:28:12
LET S DO THIS,2020-08-03,23:28:12
Let s do this,2020-08-03,23:28:12
It might become a meme,2020-08-03,23:28:13
Egypt invites Elon Musk to visit after Tesla and SpaceX CEO tweets aliens built the pyramids obv usatoday com story tech 202 via,2020-08-03,23:28:15
Can we expect a live broadcast from,2020-08-03,23:28:15
Let s Prove that grain silos can fly,2020-08-03,23:28:23
Do you plan to run an official livestream on channel as you did with Starhopper 150m hop,2020-08-03,23:28:24
Let s light this candle,2020-08-03,23:28:25
Synaps Will McDonald s be out there first to serve customers,2020-08-03,23:28:27
vids Ah poor sad vids attacking someone based on your ignorance is so petty Mr Elon Musk has catapulted the Tesla car company to be one of the most profitable company ever and is sending people to space checked your brain at the door lol,2020-08-03,23:28:27
Yeah when the world is run and owned by satanic criminals that traffic humans and eat live babies for their adrenocrome why shouldn t we leave earth Makes sense to leave,2020-08-03,23:28:27
Good luck Elon,2020-08-03,23:28:31
Pointy end up flamy end down Check,2020-08-03,23:28:31
Wish I was a fly on the wall in Boca Chica s control room Super excited to watch SN5 make history roadsiderocketscience,2020-08-03,23:28:33
I cried with her,2020-08-03,23:28:35
Can you send a photo of the control room,2020-08-03,23:28:38
Lets also make a shirt we coup who we want Or plunder to lightspeed or to lithium and beyond,2020-08-03,23:28:39
Sharp is disgusting low class and bad for workers,2020-08-03,23:28:39
irl it still looks a lot more comfortable than the soyuz with just three people in it,2020-08-03,23:28:39
Will You can probably assume they won t it s very uncommon for SpaceX to livestream testing sadly but I think they did stream the 150m hop with Starhopper if I don t remember wrong,2020-08-03,23:28:40
I live in Brownsville can you come get me so I can see the StarShip SN 5 hop,2020-08-03,23:28:42
Were can we see it,2020-08-03,23:28:44
We re watching,2020-08-03,23:28:45
I need help What would happen if Pinocchio said my nose will grow,2020-08-03,23:28:50
AWESOME ELON We are all watching from our homes around the world on whatever biggest screen we can find for this GOOD LUCK TO EVERYONE,2020-08-03,23:28:51
What an exciting weekend Haven t done anything but be engaged with what you are doing Wow Elon what a trip,2020-08-03,23:28:53
Seems that he was right,2020-08-03,23:28:57
Video link please,2020-08-03,23:28:57
I was expecting the eye,2020-08-03,23:28:59
Good luck even failure will be valuable learning experience,2020-08-03,23:29:07
Go SpaceX,2020-08-03,23:29:08
Roshi10 At this point in time trip to Mars is a one way ticket without coming back so don t worry about rich elites living this paradise for deserts of Mars,2020-08-03,23:29:09
Mk She probably should have cleaned them first,2020-08-03,23:29:10
Twitter isn t twittering How am I supposed to follow the sn5 150m hop tweets from Panic Need to be content with youtube com watch v 8ux t7 I guess,2020-08-03,23:29:15
Wooo Hooo,2020-08-03,23:29:16
What is going to look weirder due to the offset raptor engine the flight itself or the landing,2020-08-03,23:29:16
Gardi That doesn t look like it s ready to hop,2020-08-03,23:29:19
That a first Watching you tweet on live stream and then receiving it real time Good luck speacex from oz,2020-08-03,23:29:20
Can t wait More history making,2020-08-03,23:29:21
Sweet Good luck dude,2020-08-03,23:29:22
Okay thats neat But when is new music coming out,2020-08-03,23:29:27
I guys BEST wishes can we have an official SpaceX streaming,2020-08-03,23:29:32
Any link to it,2020-08-03,23:29:34
By we do you mean SpaceX and its shareholders You are not speaking for the nation as a private profiteering company are you ElonMusk SpaceX,2020-08-03,23:29:35
GOOD LUCK watching SN5 live stream,2020-08-03,23:29:37
Hi from Norway Elon We re all cheering for you and the team,2020-08-03,23:29:39
Never visited the pyramids but the Athens Parthenon and it is not our scale at all not like common greco roman remains it feels like those we know were copied on the older and bigger It could be from other civilizations not necessarily from out of earth,2020-08-03,23:29:40
24 minutes from now,2020-08-03,23:29:41
Thanks for the source,2020-08-03,23:29:42
woot woot what a week,2020-08-03,23:29:43
Cool to see people from all over the world are watching it s 1 30am over here haha sleepy time hihi,2020-08-03,23:29:45
Watching from the uk,2020-08-03,23:29:45
And we are watching from around the world Have you got a view of it,2020-08-03,23:29:48
waiting for,2020-08-03,23:29:49
Kasten Sliding doors are a musk have,2020-08-03,23:29:49
Will be a spacex stream,2020-08-03,23:29:49
Say hi to XRP for me I heard it loaded on of your rockets,2020-08-03,23:29:50
grabs bag of popcorn,2020-08-03,23:29:57
Elon Musk thinks the pyramids were obviously built by aliens and got schooled by Egyptians on Twitter news18 com news buzz elon,2020-08-03,23:30:00
feed can you please work on biomedical joint replacements No innovation in decades for knees,2020-08-03,23:30:00
Elon Musk just kinda pisses me off there s some things that SpaceX does that I would love to cheer on but then I remember the starlink bullshit and all the other SpaceX related and non SpaceX related ways Musk makes me mad,2020-08-03,23:30:02
Without Elon Tesla wouldn t even exist so it s fair And it s helping him to build the Mars colony which is essential for humanity The value created because of Elon for all Tesla shareholders is incredible,2020-08-03,23:30:07
Gardi Only gonna do a 150m hop with a single Raptor,2020-08-03,23:30:08
Elon Musk defends Tesla s misleading Autopilot mode Futurism futurism com the byte elon,2020-08-03,23:30:11
Nah you re thinking SpinLaunch this is SpaceX,2020-08-03,23:30:13
Elon would be cool if I can watch Starship fly from the outdoor restaurant one day The stainless steel roof looks awesome twitter com JaneidyEve sta,2020-08-03,23:30:18
It s crazy to see the tweets live multimedia multiplatforms,2020-08-03,23:30:21
livestream on spacex channel,2020-08-03,23:30:22
Fly me to the moon let me reach upon the stars let me see what s bringing life on jupiter and mars Go StarShip and go SpaceX,2020-08-03,23:30:23
KR About 3 3 5km my guess,2020-08-03,23:30:24
I WISH YOU ALL BEST OF LUCK YOU ROCK,2020-08-03,23:30:25
Hell yes,2020-08-03,23:30:30
Tell that to these guys,2020-08-03,23:30:30
Jupiter has rings too although they re so faint it took a spacecraft to find them NASA s Voyager 1 mission in 1980 stars milkyway esa planet earth saturn elonmusk nature planetearth physics space nasa astronomy astronaut cosmos hubble galaxy universe,2020-08-03,23:30:34
of You re deluded,2020-08-03,23:30:34
miklo i will cry,2020-08-03,23:30:35
Love it Passion for good,2020-08-03,23:30:36
orava 1 30am in The Netherlands,2020-08-03,23:30:39
YES BABY TO MARS AND BEYOND,2020-08-03,23:30:39
Station astro Would be cool if American astronauts could share rides on European vehicles too Luckily that capability is just around the corner as it should be for a major economic and scientific powerhouse such as Europe WishfulThinking,2020-08-03,23:30:50
All the best,2020-08-03,23:30:50
Will there be a SpaceX feed,2020-08-03,23:30:50
Ooh Exciting fingerscrossed no Rapid Unscheduled Disassembly,2020-08-03,23:30:50
Sweet Good luck dude,2020-08-03,23:30:50
I like to think that likes to listen to the Little Einsteins theme song while he is in a spaceship,2020-08-03,23:30:51
Thank you for the T estimate Much appreciated sir Will have a live stream or should we stick with the stream from,2020-08-03,23:30:52
Good luck,2020-08-03,23:31:01
Operation corn solo is a go Engage yeet mode,2020-08-03,23:31:08
Dont know if you ve seen this but it s pretty funny It s one of the most famous russian songs about space exploration and astronauts youtu be LDaGyo7xi98,2020-08-03,23:31:08
I feel the buzz ZZZ yes,2020-08-03,23:31:10
Will there be an official SpaceX livestream,2020-08-03,23:31:14
700k requests for starlink I m 1 of them I am eagerly awaiting more launches to see my dream of decent internet become a reality Thank you Elon for the opportunity to even be able to get good internet,2020-08-03,23:31:15
One can t even begin to comprehend the amount of work that goes into making space flight possible Its definitely a very emotional experience one that we should cherish forever Cracks me up everytime I see a launch Godspeed SpaceX,2020-08-03,23:31:19
The Blue Man of ancient Europe progressively degenerated genetically after a spat of racial admixture with the Neanderthal race This genetic defect resulted in the White Man eventually,2020-08-03,23:31:20
Will Yea they streamed starhopper so I was assuming they would stream this,2020-08-03,23:31:31
Wow The arrogance I don t want to have to change my lifestyle and be inconvenienced So let s just screw up some other part of the universe instead And then we can keep all our plastic,2020-08-03,23:31:39
Ive got a positive feeling about this attempt Where the f is my cheese hat,2020-08-03,23:31:39
I said a hip hop The hippie to the hippie The hip hip a hop and you don t stop a rock it Rapper s Delight by The Sugarhill Gang open spotify com track 0FWhGmPV NowPlaying,2020-08-03,23:31:45
Then why don t you just buy Buffet s company shares Stupid question,2020-08-03,23:31:45
Could you design build a spaceship big enough to carry Frey amp other radical Dems to Mars forever BackTheBlue BlueLivesMatter,2020-08-03,23:31:46
irl Yeah and that the crew and cargo iteration The purely personnel version can hold even more people,2020-08-03,23:31:48
The universe is fucked Space wars pollution claiming territory fucked,2020-08-03,23:31:50
You are lucky enjoy it,2020-08-03,23:31:51
francisco Well we bring the ability to grow food with us by bringing soil amp plants,2020-08-03,23:31:51
Awesome Best of luck,2020-08-03,23:31:51
Being within 6 miles of you grosses me out but I m excited to watch from Port Isabel,2020-08-03,23:31:54
And here s a 24h live cam from LabPadre youtube com watch v 5QbM7V,2020-08-03,23:31:54
Thank you and of course can t wait for Jetsons reruns too,2020-08-03,23:31:59
bird I believe DNA test results are valid But I do seriously doubt that such a small representation of gravesites in territory controlled by immigrants since 1800 BC could lead us to correctly determine the racial identity of the progenitors of the ancient Egyptian civilization,2020-08-03,23:31:59
It s easy to give federal reserve notes to people However it s damn near impossible to change another s core beliefs The world needs CHANGE NO MORE OF THIS SAME or business as usual approach Elon Musk has been challenged to prove that aliens built the pyramids I,2020-08-03,23:32:04
I need to get to Texas,2020-08-03,23:32:05
Elon Musk offers to let automakers license Tesla s tech again zcu io pEzH ElonMusk Tesla,2020-08-03,23:32:05
this some straight up bullshit,2020-08-03,23:32:17
Wait what Elon Musk China Rocks America Is Full of Complacency and Entitlement breitbart com tech 2020 08 0 via,2020-08-03,23:32:30
That tweet was referring to the travel time of the crew dragon in space Its deorbit burn started over New Zealand,2020-08-03,23:32:37
good luck Elon and all the best we are all watching,2020-08-03,23:32:41
Rocket man,2020-08-03,23:32:42
this is definitely considered a launch and especially with the focus from SpaceX shifting completely towards Starship i m assuming they ll want to stream it,2020-08-03,23:32:44
I made this specially for you you It is a labor of love I hope you enjoy it Sorry I couldn t bring it out quicker Work and all that Let me know if you like it I ll probably make more either way,2020-08-03,23:32:44
Thats what I was saying in the other thread If we want to achieve FTL travel its going to take circumventing the laws of physics in some way What that looks like i have no clue yet but I have faith that its there for us to discover,2020-08-03,23:32:45
It would be good to inquire about the nubia egg,2020-08-03,23:32:50
Best sale guy in the world I want him to pump my NIO stock,2020-08-03,23:32:50
KR Boca Chica beach Good for Kids is closer to SN5 than Control Centre,2020-08-03,23:32:51
francisco Also here is some good information about the pollution caused by rockets and its relative insignificance compared even against things like lawnmowers youtube com watch v C4VHfm,2020-08-03,23:32:51
Roughly 90k people watching live right now Good luck,2020-08-03,23:32:52
Love,2020-08-03,23:32:56
The hope we need right now Thanks,2020-08-03,23:32:57
Tesla CEO and SpaceX founder Elon Musk was called out by the internet after declaring online that the Pyramids of Giza were built by aliens bc ctvnews ca video clipId 2,2020-08-03,23:33:00
these days it s easy to think that you don t matter Me and all my cooledudes at Valiscorp have this to say Retrograde time is forward time which has passed the turning point then as it turns back it is freighted with the load of accumulated knowledge TuesdayInfo,2020-08-03,23:33:02
Let s do this SN5 is the one,2020-08-03,23:33:04
mikenas The president don t care what we want he proved that Amazing how ppl still want him as president They will regret it when they re homeless,2020-08-03,23:33:08
How the fuck do I contact anyone about an upcoming service appointment The website points me at webpages that have nothing to do with what I m asking How do I speak to someone about my 100K car,2020-08-03,23:33:17
Technobla is a billionaire who owns Elon Musk,2020-08-03,23:33:19
Selfie Would love to see you in the control room It s seeing you doing nerdy stuff,2020-08-03,23:33:20
In my way,2020-08-03,23:33:27
I don t know how much carbon has YOUR projects reduced And don t say the solution to our climate problem is living in mud huts That s only delaying the inevitable people are still going to emit carbon,2020-08-03,23:33:30
Egypt Sets Elon Musk Straight About Pyramids Aliens Newser dlvr it RcxLlj,2020-08-03,23:33:32
And the white man would not be standing tall among the comity of races today if it had not absorbed alien genes from the inhabitants of ancient Crete and then a further improvement with another round of alien genes,2020-08-03,23:33:33
All the best watching from NZ,2020-08-03,23:33:33
This is my current view I am about half a mile away from Stargate assembly site twitter com JaneidyEve sta,2020-08-03,23:33:36
Good luck,2020-08-03,23:33:36
Life is nuts,2020-08-03,23:33:36
If I met Elon musk I would probably die,2020-08-03,23:33:37
Can we have a photo,2020-08-03,23:33:39
Just wondering is there any plans to put artificial gravity on starship to help with bone loss and muscle lose that will happen to the astronauts that travel to mars,2020-08-03,23:33:43
May the flying Tower of Pisa be as majestic as we all hope it is,2020-08-03,23:33:45
We will bring Bitcoin to the moon and we will bring Tesla Gr nheide to the moon,2020-08-03,23:33:46
lmao even they didn t debate should we kill people or not,2020-08-03,23:33:48
uw u You give your opinion without me asking for it but I don t mind nor bitch about it Someone else then gives their opinion and you reply with point out to me who the fuck you are and when I asked Ah hypocricy at it s finest,2020-08-03,23:33:48
1 33 am in Austria too,2020-08-03,23:33:51
Good luck Can t wait till it hops then I can say Number 5 is alive,2020-08-03,23:33:52
Valentin Hit up Elon Musk it s only a few years until he leaves for mars,2020-08-03,23:33:53
Good luck,2020-08-03,23:33:55
p Best of luck time to get hopping,2020-08-03,23:33:56
Prove your theory,2020-08-03,23:33:58
So say we all,2020-08-03,23:34:00
Unfortunately this one won t be the one to leave the atmosphere The next version SN we might get a bit more lucky with that though,2020-08-03,23:34:00
We re in the ball room at IKEA Hop attempt in 420 2 1,2020-08-03,23:34:02
PLEASE please test the effects of psychedelics in space on the human brain It s imperative we know what it is they see when they are not within our atmosphere,2020-08-03,23:34:02
Paranoids with nothing to offer unless you offer ingress,2020-08-03,23:34:06
Nice,2020-08-03,23:34:07
RedPillWorld Nah it s just that it doesn t suit some people Like Elon Musk for example He can get good shit but he said the same thing and that he doesn t enjoy the feeling There are almost 100 of acres of weed where I live never enjoy smoking it I ve tried many times again as I get older,2020-08-03,23:34:10
Go anxious to see this hop So we can move to the next step Eventually I want to take a city to city flight To get a glimpse of space b4 my last day on planet Earth Kuddos 4 ur vision amp insight s twitter com elonmusk statu,2020-08-03,23:34:13
Can you send us a selfie from you at the control room,2020-08-03,23:34:16
I believe the theory is that if we nuke ourselves into extinction here humanity will survive on other planets,2020-08-03,23:34:18
NICE O,2020-08-03,23:34:20
since you bypassed tulsa how about giving a tulsa guy a tesla Doubt your that generous but i still think u have a fantastic mind,2020-08-03,23:34:21
I m in the Boca control room Hop attempt in 33 minutes elonmusk photo from instagram com p CDch3wGg5FS,2020-08-03,23:34:23
Hi mind us showing how the control room looks like I d imagine not anything fully fletched lol,2020-08-03,23:34:24
It is already in Singapore No flights at Changi,2020-08-03,23:34:25
Go to the others planets Go out I will defend my hearth forever i will survive here Not on mars or on the moon you have so much money that your only goal is to go into space but help countries develop teach schools in poor countries build housing,2020-08-03,23:34:25
totally pathetic comment Tesla wouldn t miss a beat most Democrats who are not politically connected are poor and couldn t afford a Tesla nor have the brains to drive them Respect is earned not given I think Mr Musk will be just fine,2020-08-03,23:34:27
It s gonna happen spaceX going to attempt with the most advanced prototype sn5 the hippity hop ElonMusk,2020-08-03,23:34:28
Starship prototype SN5 is scheduled to make it s long anticipated 150M hop on Monday The window is from 08 00 20 00 Let s light this candle My grandpa built Pratt amp Whitney engines during the Apollo program He d be amazed at what s been accomplished SpaceX,2020-08-03,23:34:33
Lets go,2020-08-03,23:34:35
I have noticed how hard starts to be for to express his vision in word I know bro I know twitter com RealLifeStarma,2020-08-03,23:34:37
Will True but afaik they haven t said they will or started a stream yet but they usually start there streams like 15min before launch so maybe,2020-08-03,23:34:38
Buffett wasn t once the richest man in the world because of his 100k salary His wealth is tied to his ownership of Berkshire in the same way Elon s is tied to his ownership of Tesla,2020-08-03,23:34:39
Good luck guys Benn waiting for this one,2020-08-03,23:34:40
Tuned in and popcorn ready Fingers crossed to see a tin can fly will there be an official stream like Starhopper,2020-08-03,23:34:42
Splashdown one day hop the next,2020-08-03,23:34:43
Not 2022 yet,2020-08-03,23:34:44
illini Crew Astronauts They re losing money How would anyone know,2020-08-03,23:34:51
Elon are you on the hunt for the cat girls,2020-08-03,23:34:53
American first please move on,2020-08-03,23:34:57
Elon Musk is joking obv,2020-08-03,23:35:01
Will Well let s hope so,2020-08-03,23:35:03
Forex mfs atta be the most annoying mfs on this planet no we don t wanna join your team and yes we get it y all are broke trying be Elon musk twitter com vvrennn status,2020-08-03,23:35:09
provide a source for your evidence admittedly capitalism works best isn t proven by an example of one country s change its by international unimpeded key word there benefits over all other systems,2020-08-03,23:35:14
Is an official live broadcast planned With drone like the Starhopper last hop,2020-08-03,23:35:15
Only this time they were purer alien genes from a group of people who had earlier migrated to Greece from Mesopotamia,2020-08-03,23:35:17
FOR REAL like my boss sends her kids to elon musk s private school with tuition that costs more a year per kid than the entirety of my student loans and yet she still refuses to give me a raise and nickel and dimes me on hours if she thinks i wasn t productive enough,2020-08-03,23:35:18
caption this Spotted on Stradbroke Island Australia,2020-08-03,23:35:22
What does the control room look like,2020-08-03,23:35:27
kolar illini Crew Astronauts Quite a few people who have seen financials since SpaceX raising money Plus articles in the press,2020-08-03,23:35:30
Go SN5 Rock amp Roll,2020-08-03,23:35:34
I am soooo scared for this Pleeeease don t let it flip over,2020-08-03,23:35:38
My inner space nerd right now,2020-08-03,23:35:49
Always I m to exited to spell check,2020-08-03,23:35:50
Another exciting and nerve wrecking night Long weekend of inspiration and Space Exploration FTW,2020-08-03,23:35:54
Girl I think he s mimicking what Grimes tweeted at Elon Musk,2020-08-03,23:35:59
what kind of tiles are we using for the Starship Especially given its unique shape 150mHopOff SpaceX,2020-08-03,23:36:02
Thanks for the update Is doing a live feed on the hop,2020-08-03,23:36:10
STEVE JURVETSON ON 20 YEARS OF FRIENDSHIP WITH ELON MUSK WHY HE HAS NEVER SOLD A SHARE IN ANY COMPANY HE HOLDS Steve sits on the board of both SpaceX and Tesla thetwentyminutevc com stevejurvetson,2020-08-03,23:36:12
Going to be exciting when a rocket goes past the moon truly leaving all earth atmosphere Will still be in atmosphere of sun I really want to know more about the radiation shielding being developed Any source of info,2020-08-03,23:36:14
Icing on the cake,2020-08-03,23:36:14
I m watching with you buddy love what you do for everyone,2020-08-03,23:36:15
Good luck man,2020-08-03,23:36:15
What are your chances of surviving such catastrophic event if it WERE to happen Practically zero It s the same reason people still fear flying in airplanes It s not that there s a very low chance of it happening It s that if it does you re doomed,2020-08-03,23:36:15
We are watching and waiting,2020-08-03,23:36:17
Wilhelms g05 you ve gotta be trolling theres just no way,2020-08-03,23:36:22
As legacy drags feet it s more important than ever Tesla succeeds It s worrisome Model Y keeps getting reports of manuf issues requiring multiple service visits Reputation is everything Are all of these issues soon resolved SpaceX rocks,2020-08-03,23:36:24
i m not going to waste my time trying to tell you that you should care about others and that current capitalism is working against widespread access,2020-08-03,23:36:27
good luck wishing you a successful hop,2020-08-03,23:36:32
I ve always though of her as an edgy comedy lord who made fun of Elon Musk and the Weinstein bros It s never really been an issue until lately it seems to me,2020-08-03,23:36:42
Is it true that your sending your TEZOS roll on board up there on your,2020-08-03,23:36:46
This is not a solution this is idealism,2020-08-03,23:36:54
Skeptic The same number as Elon Musk,2020-08-03,23:36:57
People like Elon Musk who cite Adam Smith in their defense of modern capitalism are showing their whole asses and haven t actually read him but know correctly that their followers haven t either,2020-08-03,23:37:00
Can t wait to see SN5 fly,2020-08-03,23:37:07
Is there official livestream for SN5 hop just like Starhopper stream,2020-08-03,23:37:14
Not if they aren t traveling to independently sustainable places,2020-08-03,23:37:16
Better than what some have been able to get,2020-08-03,23:37:17
Elon Musk was asked about what he saw on the course last night I saw a man defeated before he even teed off Asked about whether he will continue to sponsor Chalm we have to see I ll have to run it by Kanye and Joe Rogan and Mr Trump we will see you will know,2020-08-03,23:37:17
Elon Musk s Ancient Aliens Twittersphere Controversy Continues ancient origins net news science s via,2020-08-03,23:37:22
Great pic,2020-08-03,23:37:26
skeptic ev Hopf Dude cherry picks a case to criticize others he imagines cherry picks data Tip if you believe that someone is cherry picking bring it up when you see it and discuss it then,2020-08-03,23:37:27
You must be so proud to be above everyone must be lonely up there too,2020-08-03,23:37:32
Did I ever mention that Christa McAuliffe became my hero at the tender age of 12 I am so happy and so appreciative for all of the goals that Mr Musk has shared with us all Thank you,2020-08-03,23:37:39
150m hop Starship venting SpaceX ElonMusk Starship,2020-08-03,23:37:39
I was hoping no one would respond to Hi but you did Twitter would be better if we didn t respond to people who are not interested in learning or being open to new points of view If a human being is unable to love he d rather feel hate than nothing at all Hubert Benoit,2020-08-03,23:37:44
Shareholders would gain multi trillion dollars as well right Is there a better compensation plan that would result in accelerated growth of TSLA or completion of the mission,2020-08-03,23:37:45
T 00 17 00 SN5 150m Hop Stream credit goes to and Hold on guys Elon Musk confirmed this T time youtube com watch v 59K40A,2020-08-03,23:37:48
can you speak with so we can get Teslas in the next game,2020-08-03,23:37:48
only 1 of the 4 new V3 superchargers work at Modanna Inn Any way we can get these fixed This is a heavily used Superchatger location,2020-08-03,23:37:53
you are actually ridiculously dumb snopes com fact check nan they provide primary sources outright showing that it is not a pelosi conception,2020-08-03,23:37:57
F9 and FH use Merlin engines Nine on each core and a vacuum version in stage two,2020-08-03,23:37:58
Plato The Necessity of War the Quest for Peace Taylor www tandfonline com doi pdf Plato s point is that war should not be considered apart from justice In that way he is indeed one of the originators of the just war idea Sorry to rock your world Jack,2020-08-03,23:38:00
You are the inspiration for my organization and I need your help Proud to Empower Youth shows today s youth a clear path to the jobs of tomorrow no matter what background color religion Can we get your support proudtoempoweryouth com,2020-08-03,23:38:16
I want that and the plants in my garden,2020-08-03,23:38:18
Just in case you missed it on your other tweet It is so crowded there This one is made just for you Love and devotion went in to this I hope you like it,2020-08-03,23:38:19
illini Crew Astronauts Do you mind giving any sources on this I really am not sure anyone could know being that SpaceX is private and all And how does an investment round mean the company is losing money,2020-08-03,23:38:21
I can t wait to be like or try to be like him ElonMusk,2020-08-03,23:38:28
Will there be an official SpaceX stream with drone footage tonight,2020-08-03,23:38:41
Oh fuck you re here,2020-08-03,23:38:42
Will SpaceX broadcast the hop,2020-08-03,23:38:45
When could we see some big construction work at Giga Tera Nevada,2020-08-03,23:38:47
fly me to the moon starts playing religiously hmmmm you say,2020-08-03,23:38:51
Elon Musk Tesla would sell normal pickup if CyberTruck doesnt sell Business Insider Business Insider youremailteam com elon musk tesl,2020-08-03,23:39:04
These native Egyptians were none other but Aliens from Mesopotamia who had arrived and driven the less capable blue white man mongrel Arabs and the indigenous blacks out of Ancient Egypt Note all these long time racial admixture was a continuum Alien Human,2020-08-03,23:39:05
Egypt Sets Elon Musk Straight About Pyramids Aliens newser com s294431,2020-08-03,23:39:09
Interesting what thinking about this situation and twitter com theACentauri s,2020-08-03,23:39:14
live stream,2020-08-03,23:39:28
Isn t there something you forgot to tweet Completing flag capture sequence,2020-08-03,23:39:36
Another pump would be great dogecointo1dollar dogecoin dogecointiktokchallenge,2020-08-03,23:39:37
Where is the feed,2020-08-03,23:39:37
weird did you and I read the same post The Democrats are insanely evil and have done nothing for this country but destroyed it they have lost the middle and everything else,2020-08-03,23:39:40
Do that means if pointy end up we have flamey end down so half of it is correct at least,2020-08-03,23:39:43
If only we had a sneak peek wink wink,2020-08-03,23:39:46
hey does SN5 get charged via typical home tesla charger how does that work in situ,2020-08-03,23:39:47
Kasten They can call it the Model X tra,2020-08-03,23:39:47
Rockin all over the world youtu be 1A iLG LHu0,2020-08-03,23:39:55
never forget that gave Chyna a GOOD space capsule for free while we meanwhile in the idiotic grifting military industrial complex US continue to pay Boeing billions to futilely try to make a defective one ba ba d arstechnica com science 2020 0,2020-08-03,23:39:57
Giving people direct cash payments would not work It is a bad system Also charity is not good enough,2020-08-03,23:39:57
Looks like the Starship prototype is about to hop Good luck to supercluster com launches stars,2020-08-03,23:40:01
People can t even wear masks Dafuq are you talking about,2020-08-03,23:40:02
tech NEW links to TECHNOLOGY AND INVENTIONS bicycles cool products electric trucks Elon Musk future Macintosh Nikola Tesla science solarpower technology tom gillispie blogspot com 2020 06 tech h,2020-08-03,23:40:02
Heard TARGETS Elon Musk Is HE Amber s NEXT Johnny Depp youtu be qahFDhMNBUA via,2020-08-03,23:40:03
Let s do it,2020-08-03,23:40:03
Why tonight and not day,2020-08-03,23:40:07
So looking forward to this what a year so far for leading the charge,2020-08-03,23:40:17
SE16 feed This is actually what I suspected myself and the reason I tweeted was to see if it was also the conclusion that and would conclude as well Elon mentioned we would go from thinking speeds of 100 bits a second to 100 Terabits a second so anything is possible,2020-08-03,23:40:18
No you aint,2020-08-03,23:40:27
Why not re use old train but with the solar system over the train Is it a bad idea I m asking for save money,2020-08-03,23:40:30
150m hop Around 15mins to go SpaceX ElonMusk Starship,2020-08-03,23:40:30
Whoop whoop,2020-08-03,23:40:31
scar worth idk But yes to the,2020-08-03,23:40:46
Question for When do we get to see the launch of the Canine Crew Dragon sir,2020-08-03,23:40:49
So awesome We should find a Global solution for the Coronavirus issue as well,2020-08-03,23:40:49
Yeat waste another 50 years on dinosaur technology like Tesla motors wait 120 years just to comply with the rodschild Rockefeller s we re is element 115 I know is ready but always keeping humanity distracted and ignorance,2020-08-03,23:40:49
Aliens built the Pyramids obv Let s see if I get a free trip and inside tour like did,2020-08-03,23:40:50
Also Can we just come up some new Amtracs Dudes been dying in this metal coffins forever Maybe task,2020-08-03,23:40:57
I m hoping for super speed travel on our planet as well,2020-08-03,23:40:58
Egypt invites Elon Musk to visit after he claimed Pyramids were built by aliens take up the invitation Mr musk,2020-08-03,23:40:58
Elon Musk Tesla would sell normal pickup if CyberTruck doesn t sell Business Insider Business Insider dlvr it RcxMVw,2020-08-03,23:41:02
I would like to know where I could suggest submit some problems that Neuralink could solve easily in his first versions,2020-08-03,23:41:03
Elon Musk Tesla SpaceX Enjoying a Spectacular Run Bloomberg bloomberg com news articles,2020-08-03,23:41:05
150m Propellant has been loaded onto SN5 so hop is imminent SpaceX ElonMusk Starship,2020-08-03,23:41:10
You ve got this First of many test flights of Starship before launching us to Mars Good luck and Woohoo Super excited,2020-08-03,23:41:13
Coming on over,2020-08-03,23:41:18
Best of luck,2020-08-03,23:41:22
What s the height of sn5,2020-08-03,23:41:23
Venting 15 mins out according to s notice 33 minutes away from T 0,2020-08-03,23:41:24
Too exciting,2020-08-03,23:41:25
Schaffer foust Lol there would be no space program if it wasn t for individuals like Elon Musk,2020-08-03,23:41:30
THEY WERE RIGHT THERE,2020-08-03,23:41:31
eat Hop hop,2020-08-03,23:41:38
thank you for the opportunity to see history being viewed in front of our eyes,2020-08-03,23:41:39
Earth life dude,2020-08-03,23:41:41
New article Elon Musk Third US Tesla factory likely after Austin and Berlin has been published on Fintech Zoom fintechzoom com fintech news t Fintech Blockchain Crypto Cryptocurrency ICO,2020-08-03,23:41:41
Watching good luck Elon,2020-08-03,23:41:44
feed How is the receivership,2020-08-03,23:41:53
No actually I mined the cobalt myself But regardless I would happily give up my phone if it meant people didnt starve Pointing out a supposed hypocrisy does not mean my point is any less valid,2020-08-03,23:41:54
How many seconds will it take to hover in the air for its 150m hope,2020-08-03,23:41:55
Elon Musk declares China rocks rips entitled Americans as complacent after winning too long bizpacreview com 2020 08 03 elo via,2020-08-03,23:41:55
feed Absolutely I think this is what had in mind when he said AI decoupled from human will With the wrong user digital super intelligence can be very dangerous,2020-08-03,23:41:56
Everyday Astronaut is the best host except John Norminal Insprucker But there are other streams also youtube com watch v 59K40A,2020-08-03,23:42:04
stream watermelon sugar,2020-08-03,23:42:12
Can t wait for Starlink,2020-08-03,23:42:15
He has earned it,2020-08-03,23:42:18
Watching eagerly Good luck to you and the team today,2020-08-03,23:42:19
I m bout to fly back from this meeting with Elon musk if you head over later security should just let you in,2020-08-03,23:42:21
Elon Musk Is Open To Sharing Tesla EV Technology With Competitors carandbike lagatarnewsfeeds in elon musk is o,2020-08-03,23:42:23
Smooth,2020-08-03,23:42:33
i heard sm was happening with twitter so i log in expecting to see bill gates selling tickets to heaven for 50 BTC and elon musk threatening to shoot rockets at the white house but instead i find notning,2020-08-03,23:42:37
Is that a dog or a coyote in the road running around,2020-08-03,23:42:38
Felt your passion for this Godspeed,2020-08-03,23:42:45
I myself have always been for lowering the voting age to 16 Pelosi said I think it s really important to capture kids when they re in high school when they re interested in all of this when they re learning about government to be able to vote,2020-08-03,23:42:48
Get it,2020-08-03,23:42:48
Yeah Do it the right way Pay lobbyists and fund campaigns to get billions in subsidies behind the scenes,2020-08-03,23:42:48
Conflict will exist regardless,2020-08-03,23:42:54
You look like a mix between and,2020-08-03,23:42:54
This stream is hosted by I am asking for official stream hosted by,2020-08-03,23:42:56
Is there another feed,2020-08-03,23:42:57
there is no contradiction here dipshit you are infuriating because I have to talk to you like a child The just war theory literally separates itself from individual people and uses external justifications in order to rationalize it,2020-08-03,23:42:57
Star Ship SN5 already doing the 150m test hop today are on a role gonna be going to Mars alot sooner than we expect at this rate,2020-08-03,23:43:10
Sup dude You re a pretty smart guy Amirite no that isn t a bad ass moon mineral but you ll understand the moon reference in a sec bro Can you please and i mean PLZ send a mf to the moon since its been like 48 years or whatever since the last time it happened,2020-08-03,23:43:21
Hey as an Egyptian architect I am asking you to read more about Hemiunu he was the architect who built the great pyramid in GIZA EGYPT If your money technology or knowledge is not enough to do the same now so it s all fake or useless as ur Tesla s Cybertruck windows,2020-08-03,23:43:30
Until he gets cancelled,2020-08-03,23:43:32
Elon Musk is living blue balls Always starts never finishes,2020-08-03,23:43:32
Elon in few minutes,2020-08-03,23:43:36
Austin is a mess Reconsider TulsaforTesla,2020-08-03,23:43:46
If we can barely manage to live peacefully on earth How could we possibly live in space lol,2020-08-03,23:43:54
I have seen barn silos go further in a tornado in the midwest Just saying Haha,2020-08-03,23:43:58
NICE FACTS BUT I HAVE SOME TWEETS FROM ELON MUSK THAT PROVE OTHERWISE,2020-08-03,23:44:01
So you would much rather get free handouts by taking from the rich who worked hard to get where they are So keep giving you a fish since you don t care to learn how to fish for yourself you are the problem,2020-08-03,23:44:07
Egypt tells Elon Musk its pyramids were not built by aliens africanewspay com blog post php,2020-08-03,23:44:07
PayPal also on the list as another company,2020-08-03,23:44:08
Did you vote against the 2018 CEO performance award,2020-08-03,23:44:09
Humanity lives here on Earth No other planet within the entire solar system are habitable Heck even if Earth is nuked would still be cheaper to build bunkers amp bubbles to save civilisation It s just a bad cover story for SpaceX to militarise space and make killings,2020-08-03,23:44:10
nelson Best yet do both at the same time We must If we don t start transitioning to a carbon neutral future Earth will become uninhabitable 70 years But we are already decades late in terms of space We should have colonized the moon by now,2020-08-03,23:44:14
Hop test work or hop test go boom live video NOW gt T 10 minutes youtube com watch v 59K40A,2020-08-03,23:44:19
Well I mean I would have gone for the BioShock joke freaking Andrew Ryan which would be quickly followed by Well I guess Elon Musk might actually DO that,2020-08-03,23:44:26
why not fix problems here on PLANET EARTH like a little thing called the CLIMATE EMERGENCY oh amp homelessness Well I m trying I m running for public office here in LA I m running a GREEN ccampaign Will u please donate a Tesla amp May I borrow a Cybertruck to campaign in,2020-08-03,23:44:28
illini Crew Astronauts when you don t want to wait for the voice of love to take you higher so you do it yourself,2020-08-03,23:44:28
feed Those negative behavior producing ideologies stem from a biologically primitive survival software A would potentially allow the brain to more easily distinguish such beginnings of thought Only and would know that for sure,2020-08-03,23:44:29
I get the feeling if we could get to see this tweet he d be on board too brand crop tops I d buy,2020-08-03,23:44:31
SE16 feed No thats not thinking speed thats communication speed,2020-08-03,23:44:42
Still watching,2020-08-03,23:44:44
Ngl that would be a great ad,2020-08-03,23:44:47
please remove the spacex bitcoin scams or please help there promoting spacex as a online company thats giving bitcoin away,2020-08-03,23:44:51
I m holding my breath,2020-08-03,23:44:55
So what would be a fair compensation for him in your opinion,2020-08-03,23:44:56
Everyone in this country gets a chance with hard work look at Elon musk Thank the lord for this beautiful nation clean up our city Especially Morey middle now Law and order now,2020-08-03,23:45:01
150m hop Around 10mins to goooooo SpaceX ElonMusk Starship,2020-08-03,23:45:05
Thank you for executing a 150M Hop for my birthday SpaceX bocachica mars tothefuture thefutureisnow gohumanrace sendinglove ilovespacex,2020-08-03,23:45:09
where she literally couldnt pass said bill with a majority where her entire argument rests on engagement where what she s saying isn t even relevant to current policy,2020-08-03,23:45:13
well done Elon mesmerising really incredible manoueveres,2020-08-03,23:45:15
Good luck and What a busy weekend The future is coming,2020-08-03,23:45:20
There is truly traction in exciting new space Technology Thank you Elon for spacex,2020-08-03,23:45:21
Enforcement Ok moron,2020-08-03,23:45:22
when does tesla become fully autonomous,2020-08-03,23:45:27
I AM elon musk YOU are an impostor give me my family back you robot scum,2020-08-03,23:45:28
The liberal said said Plato did not talk about killing people I showed you that he talked about it and the justification for it all the time You got flustered insulting and changed the subject Embarrassing,2020-08-03,23:45:30
How do they know Do they even know if we re aliens or not Hmmmm,2020-08-03,23:45:32
Well whatever he did he has steered Tesla to new heights not to mention the SpaceX Look we can go back and forth on this for hours But Elon Musk will always come on top of any polition Then only grp of ppl who would be able to outshown him would be other CEO of large firm,2020-08-03,23:45:34
Good luck and an absolutely inspirational experience to see this beast of a rocket being developed you are all awesome,2020-08-03,23:45:35
Hoping that everyone will be able to afford space travel especially the poorest of the poor,2020-08-03,23:45:48
I know you may not give me a reply but my eldest brother is really crazy about other beings outside our planet with so much oppunity you have and information am just asking and make it a birthday present for him come October 30th,2020-08-03,23:45:54
Official feed would be really good Trade off always but might be worth it This is ok also though,2020-08-03,23:45:59
You have a machine extension of yourself in the Form of your phone and your computer and all your applications By far you have more power more capability than the president of the United States had 30 years ago Elon Musk,2020-08-03,23:46:03
The hackers who took over the Twitter accounts of Joe Biden and Elon Musk may have made off with as much as 120 000 worth of bitcoin but we may never know for sure TWTR Hackers put Twitter through a businessinsider com twitter hacker,2020-08-03,23:46:04
Yep Let s destroy another planet,2020-08-03,23:46:08
Dear Elon I want to be the first passenger thank you looking forward to your start,2020-08-03,23:46:09
alright next challenge bring parts to space with many trips to build a bigger ship,2020-08-03,23:46:10
Waiting for that HOP SpaceX Space sn5 cantwait,2020-08-03,23:46:17
wow wow wow 1985 been a while we salute you,2020-08-03,23:46:18
Tim enjoying as always your coverage Let s go Starship homerhickam com,2020-08-03,23:46:21
Renaming Tesla Autopilot That d be idiotic Elon Musk says trib al prJ6Tdg,2020-08-03,23:46:25
Im watching,2020-08-03,23:46:30
here is a summary,2020-08-03,23:46:38
Will Raptor be throttled to 100 for the hop,2020-08-03,23:46:44
Damn good job thank you sir,2020-08-03,23:46:46
well done congrats,2020-08-03,23:46:48
Thanks,2020-08-03,23:46:50
150m hop SIREN HAS SOUNDED Officially T 10mins SpaceX ElonMusk Starship,2020-08-03,23:46:52
third invention youtu be VJN4LxWitUY,2020-08-03,23:46:53
Jas Sure there is a problem with the current state of capitalism but socialism and communism aren t alternatives Because people will also overwork themselves in a communist state for example I know many people don t want to hear this but you can look in the past for examples,2020-08-03,23:46:58
don t buy his stupid cars wait for sony vision cars,2020-08-03,23:47:05
Both Karl Marx and Adam Smith were wrong about the labor theory of value You re centuries behind my friend,2020-08-03,23:47:17
Scottish powa,2020-08-03,23:47:20
soon I ll have a model 3,2020-08-03,23:47:21
SpaceX stream,2020-08-03,23:47:23
Seasons upon seasons of Ancient Aliens and you guys get pissed when Elon Musk says aliens built The Pyramids,2020-08-03,23:47:23
I am the,2020-08-03,23:47:33
Jas A capitalist state with a strong welfare system is always a better option from my perspective,2020-08-03,23:47:38
lees So true socialism encourages individual success but it has to be at whatever is chosen for the group Can t be at the individual s choice Am I comprehending that correctly,2020-08-03,23:47:40
Pretty sure Elon is doing everything humanity needs Not just space exploration A lot more He is the hero we need he is going to be crucial for a transition to a carbon neutral future by supporting him you are supporting the entire human race to pass this great filter,2020-08-03,23:47:47
SE16 feed Communication is the formation of concepts The rate of thinking itself doesn t have to be fast it s the transfer and movement of the data The speed by which new higher concepts could be formed would increase objectively even as the individual brain operates in it s own speed,2020-08-03,23:47:55
Tengan cuidado que volvio el famoso scam de bitcoins con tengan cuidado The bitcoin scam is back with the account be safe and do shitty thing u will regret,2020-08-03,23:48:06
i doubt these computers are running windows xp we dont know for sure of these claims of the computer so u or i could be right paper has been burned historically in the most corrupt elections,2020-08-03,23:48:10
Possible but it will take YEARS to tunnel it IF all goes well,2020-08-03,23:48:14
Cool Beans,2020-08-03,23:48:15
That technical shit,2020-08-03,23:48:18
You re off your rocker and not able to have a grown up conversation,2020-08-03,23:48:23
There are 2 genders and you can t change it Let s face it,2020-08-03,23:48:29
You earn yours I m keeping mine,2020-08-03,23:48:31
Glad said it and not Trump Sounds a tad more believable,2020-08-03,23:48:36
NASA sending men to the Moon was also funnelling taxpayers cash to the military industrial complex Likewise the Cold War with democracy against godless communism Musk is continuing the tradition He Bezos Branson just happen to lead a more privatised version of it,2020-08-03,23:48:36
Well done and twitter com JohnStossel st,2020-08-03,23:48:39
Some American states are shithole already and mostly liberal governed Fact is nobody really wants to fight against it People find it easier to run away from the madness Wondered why there are more educated Nigerians in America than actual Americans,2020-08-03,23:48:42
Mk Yes but the problem is i am unclean i haven t time to wash coz i am to busy to not become brainwashed Is a state of mind in my country,2020-08-03,23:48:42
a Why spend resources when people have streams b Bad PR if boom c Only hard core geeks are intrested about development steps Big audience is more intrested about orbital ship,2020-08-03,23:48:53
road Only the smart ones though please Or else we end up with people like Don,2020-08-03,23:48:54
Elon Now you know that I m a sceptic so send me one to test drive for about 6 months before I buy Thanks Your Buddy Mark Ray P S I will be awaiting your sincere response Oh by the way my hat is off to you and congratulations on Space return of both Astronauts safely,2020-08-03,23:48:57
Elon Musk Tesla would sell normal pickup if CyberTruck doesn t sell Business Insider Business Insider news google com i rss rd art,2020-08-03,23:49:02
are SN5s tanks going to be fully fueled,2020-08-03,23:49:10
Talking about genii spirits and fairies and demons etc No The best gift a human has got is a birthday suit And I do think we are not making references to personalities who do not posses their own birthday suit here in our analysis of the builders of the pyramids in Egypt,2020-08-03,23:49:15
Nope Black People did,2020-08-03,23:49:15
A piece I wrote about Elon Musk a couple years ago was translated into Brazilian Portuguese by It s also in English jacobinmag com 2018 02 elon m French usbeketrica com article transp and German adamag de elon musk tesl twitter com JacobinBrasil,2020-08-03,23:49:17
Good luck,2020-08-03,23:49:18
why do I get my notification 25 minutes after he tweets It s consistent,2020-08-03,23:49:26
where in any of his arguments did he say that people should be killed just because oh yeah nowhere Literally the ENTIRE POINT is how to JUSTIFY it with healthcare there is 0 justification and you know it which is why YOU changed the subject from healthcare to plato,2020-08-03,23:49:26
Let s go,2020-08-03,23:49:28
Meanwhile James Bond is sidelined for a year,2020-08-03,23:49:28
We re ready Fly SN5 Maybe the boy can snag a ride to mars in a few years sn5 SpaceX Space starship,2020-08-03,23:49:29
Hi Elon can I just have an electric bicycle,2020-08-03,23:49:39
Democrats are the mob our Founders feared so much They want 16 year olds and prisoners voting The dumber the better because those are the people who love free stuff most,2020-08-03,23:49:39
Needs one of those air raid sirens from Godzilla twitter com NASASpacefligh,2020-08-03,23:49:41
When,2020-08-03,23:49:42
150m hop T 5mins SpaceX ElonMusk Starship,2020-08-03,23:50:00
Yea he didn t just revitalize the US space program,2020-08-03,23:50:08
feed Pyramids launching T munis five four the KingofSpace,2020-08-03,23:50:11
A Rama SFF why did someone paint the name of elon musk s kid on the road,2020-08-03,23:50:14
Ten minute siren at Boca Chica Time for grain silos to fly SN5,2020-08-03,23:50:16
Terraforming Mars is very much possible just extremely hard and time consuming but if we are to survive as a species that means we are to colonize the solar system maybe even beyond,2020-08-03,23:50:17
maybe,2020-08-03,23:50:19
kindly make sure your customers understand what they are buying utter shame and embarrassing facebook com 10881334013660,2020-08-03,23:50:24
Looks like Elon Musk on the right,2020-08-03,23:50:25
Thank you for providing the live feed,2020-08-03,23:50:27
this be buggin hard fam,2020-08-03,23:50:30
A little ambitious,2020-08-03,23:50:32
Elon Musk Tesla would sell normal pickup if CyberTruck doesn t sell Business Insider Business Insider dlvr it RcxNPJ,2020-08-03,23:50:32
When will send himself into space already He should stand by his products and show everyone he believes in his stuff instead of sending henchmen astronauts to do it for him,2020-08-03,23:50:45
even if that was true it would be because the right doesn t discuss social injustices because they aren t affected by them opposed to the left who a lot of them are affected by them and the right not agreeing is what leads no dispute and they can t agree on human rights,2020-08-03,23:50:46
whats up with that power bank,2020-08-03,23:50:48
this is just wrong but get back on the track we were on prove your points or we re done,2020-08-03,23:50:55
150m hop I REPEAT SpaceX ElonMusk Starship,2020-08-03,23:50:55
I m like the Elon Musk of having no money,2020-08-03,23:50:57
Joe Kamloops has four Superchargers Really should have at least 8 I asked to visit and take a look if he comes he stays with me and family will feed him and show him around too,2020-08-03,23:51:02
Then make some,2020-08-03,23:51:03
Elon Musk says Tesla will create a normal pickup truck if the Cybertruck doesn t sell as a fallback strategy amitbchoudhury com elon musk says,2020-08-03,23:51:17
The chances of there being another habitable planet in the universe is 99 99999 I ve probably under estimated the chances of us getting there before this planet is exhausted if the current trends continue 0 0000 or would ever get there 0 00001,2020-08-03,23:51:18
plz construct a city like this,2020-08-03,23:51:21
High tech billboards with hundreds of laser beamers and face ID cameras that project personalized advertisements directly into your eye,2020-08-03,23:51:23
When the 2018 performance award was issued Tesla was a 60B company He takes it to 650B makes shareholders 10x the value but you are talking about him getting a 10 cut More than deserves every penny of that 2018 plan if he achieves it It s a win win,2020-08-03,23:51:36
does SN5 have the plumbing to feed O2 and Methane from pre burner back to the tanks to pressurize them during flight,2020-08-03,23:51:41
Where in any of his arguments did he say that people should be killed just because If someone said Plato said he wanted to kill people just because I ll pay the libsocialist 10 000,2020-08-03,23:51:44
It is time to expand our existence,2020-08-03,23:52:01
If she goes hopefully Greta likes the peace and quiet of space and stays there,2020-08-03,23:52:05
150m hop Good luck SN5 We re both nervous and excited SpaceX ElonMusk Starship,2020-08-03,23:52:12
A top government official in Egypt has invited U S billionaire Elon Musk to see the country s Great Pyramids of Giza after the Tesla CEO claimed that the historical landmark was built by aliens ctvnews ca sci tech egypt,2020-08-03,23:52:16
would it make sense to say Elon Musk looks like a machine gun,2020-08-03,23:52:17
God speed Starship we need you to hop,2020-08-03,23:52:19
cut your electrical power shut down your phone computer sell your car and worry about your damn carbon footprint then you can preach about it to others,2020-08-03,23:52:21
The only species that populate nearly every part of the planet Rats cockroaches and humans Not the greatest company,2020-08-03,23:52:21
Oh boy I m exited,2020-08-03,23:52:22
You obviously don t do research,2020-08-03,23:52:27
here in Japan,2020-08-03,23:52:31
I prefer the commentary on the stream youtu be 5QbM7Vsz3kg but either is good Keep an eye on and for a possible high quality official stream twitter com NASASpacefligh,2020-08-03,23:52:34
Lisica Care to elaborate a little,2020-08-03,23:52:35
As many views as possible thanks don t mind my desk mess,2020-08-03,23:52:36
hopidihopido i m flying off this crap,2020-08-03,23:52:43
191 days of tweeting every day for a free 9 52am,2020-08-03,23:52:45
150m hop T 2mins SpaceX ElonMusk Starship,2020-08-03,23:52:55
Come on Wake Up,2020-08-03,23:53:10
Good luck,2020-08-03,23:53:11
How s that submarine coming for the cave boys,2020-08-03,23:53:12
You probably won t see this But I thought it was pretty cool My fiance thought your successful space x launch and splashdown was profound enough to dedicate an entire day to it in her blessings journal,2020-08-03,23:53:13
Now that they are in Africa it s really a pain in the Ass to some people Egypt tells Elon Musk its pyramids were not built by aliens africanewspay com blog post php,2020-08-03,23:53:16
We could all have a massive orgy and time capsule our spritzen,2020-08-03,23:53:17
Thanks Todd I saw you checking in on Elon about 45 minutes ago What odds are we up to,2020-08-03,23:53:26
Love me some Keep it going brother,2020-08-03,23:53:33
Use one of these,2020-08-03,23:53:38
I love this idea of how we need to save the planet The planet is doing just fine and will carry on doing just fine What you are trying to save is ourselves,2020-08-03,23:53:40
Idiot You re as bad as the Target guy who wanted the 1 toothbrush,2020-08-03,23:53:45
has some fans All hail the blue wale,2020-08-03,23:53:47
Link,2020-08-03,23:53:48
Might be worth it for the marketing But might be more costs than what it s worth Who knows,2020-08-03,23:53:49
You want me to prove that China just switched to Republicancapitalism and instantly eliminated 40 of all the poverty on the planet after socialism had just slowly starved 60 million to death,2020-08-03,23:53:49
I finally unfollowed him last week after he retweeted Elon Musk and then also decided it was a good idea for him to tell BLM protestors that they were ineffective,2020-08-03,23:53:54
Morning Moon believe we will be visiting again soon,2020-08-03,23:54:00
It s moon dollars bro,2020-08-03,23:54:00
Good luck to me,2020-08-03,23:54:05
you rearguing for a broken worse system over an objectively better system The only way you can believe the current american health care system is better than universal healthcare in any capacity is apathy I literally said the opposite of plato wanted to kill just because,2020-08-03,23:54:15
Elon musk was brought to tears when he found out his hero Neil Armstrong didn t believe in what Space X was doing Today him and SpaceX are revolutionizing space exploration He s playing chess not checkers,2020-08-03,23:54:19
Incredibly exciting,2020-08-03,23:54:20
Extraterrestrials from Andromeda used anti gravity from their spaceship to move the stones Within seconds the stones would be placed next to each other The technology was shared throughout the world All pyramids had crystals on their apex Atlantis Andromeda Egypt,2020-08-03,23:54:21
Greta lives in a vacuum she should love space,2020-08-03,23:54:31
I would love to help build the framework for interplanetary colonial emergency services Please contact me,2020-08-03,23:54:35
Ironic hard like iron,2020-08-03,23:54:38
SpaceX Is A Private Company How do you not know this Also spacex uses MUCH more advanced tech to bring the astronauts to the ISS and back such as reusable rockets,2020-08-03,23:54:39
help us twitter com JackPosobiec s,2020-08-03,23:54:42
Not been this excited for a long time sn5 starship,2020-08-03,23:54:43
probably elon musk he has liked and replied to me a couple of times,2020-08-03,23:54:46
maybe i was wrong,2020-08-03,23:54:54
over 150k watching no pressure,2020-08-03,23:54:56
suggestion with and being VERY CLOSE to autonomous driving cars and COVID19Vic restrictions could you have a temporary permit for FSD teslas to move people around since no person needed to drive and catch COVID19Vic e g uber taxi etc,2020-08-03,23:55:00
Elon Musk Tesla would sell normal pickup if CyberTruck doesn t sell timesofbritain com 2020 08 03 elo,2020-08-03,23:55:08
Lets light this watercandle,2020-08-03,23:55:11
the future of civilization will be assured when the capitalist system is consigned to history,2020-08-03,23:55:12
when twitter com SaeedBaygi sta,2020-08-03,23:55:13
kolar illini Crew Astronauts If the company was losing money I am almost certain we would know it s apart of the government contract reviews,2020-08-03,23:55:14
Chuck Sometimes someone want to attract attention with something unrelated,2020-08-03,23:55:14
KING of MARS youtu be kll g7OwPyA,2020-08-03,23:55:18
Looks like he s ready for Elon Musk s next SpaceX mission twitter com AmyJacobson st,2020-08-03,23:55:18
Funny I actually thought of that when I first saw their monitors D,2020-08-03,23:55:19
GetRDone no more talkin,2020-08-03,23:55:19
That s not going to stop cosmic radiation for frying you or a solar wind from destroying anything electrical,2020-08-03,23:55:21
provide an article for your evidence I provided you 4 different sources you didn t read on why universal healthcare is better which is far more relevant to the discussion but i ll entertain this insofar you actually provide it,2020-08-03,23:55:23
Y you hate dragons woof,2020-08-03,23:55:26
You really can t think past 100 years in the future can you,2020-08-03,23:55:39
Hey Let me take you to an amusement park one of these days From bro to bro it s my treat let go of some of that stress,2020-08-03,23:55:41
Not in our lifetime,2020-08-03,23:55:45
Veteran VC Steve Jurvetson says he rates startup founders highly if they re like his long time friend Elon Musk They have 20 year vision businessinsider com spacex board m,2020-08-03,23:55:59
Elon how many shares of SNE SONY do you already own How SNE Sony Is Fueling The Computer Vision Boom via forbes com sites stephenm SNE tokyo2021 takeover market PlayStation5 FB NFLX GOOG C MS PS5 nikkei,2020-08-03,23:56:03
Spacex have quite many cameras on site and flying drones Just like in case star hopper One thing is that some shots are full of dust and exhaust steam Good material requires editing,2020-08-03,23:56:07
all the best Elon,2020-08-03,23:56:22
You first,2020-08-03,23:56:22
It s time,2020-08-03,23:56:26
on site for Starship SN5 hop in Boca Chica Texas today twitter com elonmusk statu,2020-08-03,23:56:31
grimes and elon musk,2020-08-03,23:56:33
give me a Tesla,2020-08-03,23:56:34
There are at least three bots on this thread I noticed that their answers are just nonsensical stuff designed to get u all riled up,2020-08-03,23:56:40
Time to launch,2020-08-03,23:56:54
talk about the starship test today please,2020-08-03,23:56:55
Yes do a Van Van podcasts google com feed aHR0cHM6L,2020-08-03,23:57:00
Link,2020-08-03,23:57:01
welp starship took the L,2020-08-03,23:57:28
Detanking,2020-08-03,23:57:28
What happened,2020-08-03,23:57:30
You are not able to solve my charging problem from my Tesla but you want to fly to the moon build a moon base Really,2020-08-03,23:57:30
Did you have to cancel it,2020-08-03,23:57:32
On July 15 numerous Twitter accounts belonging to high profile figures like Bill Gates Elon Musk and Barack Obama were hacked with the perpetrators usin Read more forbes com sites mattpere,2020-08-03,23:57:36
Doug Thanks Elon Musk and Trump,2020-08-03,23:57:38
why would you abort I stayed up for this,2020-08-03,23:57:40
detanking,2020-08-03,23:57:43
150m hop Possible detanking SpaceX ElonMusk Starship,2020-08-03,23:57:46
detanking,2020-08-03,23:57:53
scrubbed,2020-08-03,23:57:57
Abort,2020-08-03,23:58:01
what happened,2020-08-03,23:58:02
Hop Abort,2020-08-03,23:58:02
Detanking,2020-08-03,23:58:03
What happened Elon,2020-08-03,23:58:03
What happened,2020-08-03,23:58:04
what happened another problem with the raptor,2020-08-03,23:58:10
what happened,2020-08-03,23:58:10
was there an abort,2020-08-03,23:58:16
Egypt Fact Checks Elon Musk On Who Really Built Pyramids medya berlin en egypt fact,2020-08-03,23:58:16
Funny account can we get you guys both to go to Uranus,2020-08-03,23:58:20
Looks like a de tank at Boca big ol raptor not like something,2020-08-03,23:58:21
road Don did you get advice from a black latino asian indian and white before u post this tweet If not how racist are you,2020-08-03,23:58:23
Nooooo what happened,2020-08-03,23:58:24
ReaalAmerican Trump knows a few people don t agree with him It s people like you who are marginally educated who won t vote for him or agree to his policies It s obvious you cant comprehend or appreciate his policies For example put walls up so illegal aliens can t get in to take our jobs,2020-08-03,23:58:24
did you detank the rocket,2020-08-03,23:58:24
Recycle,2020-08-03,23:58:28
Looks like it detanked Was that an abort,2020-08-03,23:58:28
What happened,2020-08-03,23:58:29
Did we scrub Or is there time to recycle,2020-08-03,23:58:29
detanking,2020-08-03,23:58:31
Hold,2020-08-03,23:58:31
did whats safe Try again later,2020-08-03,23:58:31
What happened,2020-08-03,23:58:32
Was it aborted,2020-08-03,23:58:35
Detanked Scrubbed,2020-08-03,23:58:37
Uh oh Detank,2020-08-03,23:58:40
Why would Republicancapitalism be worse when it would finally provide the incentive to lower price and raise quality Are you against affordability and quality or have you just failed to think about this at all thanks to the socialist mob you blindly follow,2020-08-03,23:58:41
Is the hop scrubbed,2020-08-03,23:58:45
what happened to SN5,2020-08-03,23:58:45
Detanking he said it like 30 times isn t it obvious,2020-08-03,23:58:46
Elon Musk my mentor,2020-08-03,23:58:47
No hop Elon,2020-08-03,23:58:47
Drat,2020-08-03,23:58:49
Someone think like us Thanks twitter com elonmusk statu,2020-08-03,23:58:51
Update,2020-08-03,23:58:53
Nooooooo gutted We will have to go again,2020-08-03,23:58:54
Better safe than sorry I guess,2020-08-03,23:58:55
Idk didn t seem like enough fuel,2020-08-03,23:58:57
Looked like it,2020-08-03,23:58:58
It wasn t a launch,2020-08-03,23:58:58
Deffo an abort,2020-08-03,23:58:59
Ancient Origins Elon Musk s Ancient Aliens Twittersphere Controversy Continues ancient origins net news science s,2020-08-03,23:59:01
hey fuck tesla and elon musk,2020-08-03,23:59:02
Detanking,2020-08-03,23:59:03
abort today,2020-08-03,23:59:04
Looks like the attempt was aborted What happen,2020-08-03,23:59:08
was that an abort,2020-08-03,23:59:08
what was the problem,2020-08-03,23:59:12
aaaand nooope,2020-08-03,23:59:14
Hey Elon Look what happens when no historians are taken to Egypt tour Only tech guys youtu be EIAIhwwCYcM see their full films to get the whole thing,2020-08-03,23:59:15
Next time for sure,2020-08-03,23:59:15
Elin high on escape velocity No coming back,2020-08-03,23:59:18
you guys got mobile homes yet,2020-08-03,23:59:18
what happened to 150m sn6 hop,2020-08-03,23:59:22
abort,2020-08-03,23:59:22
They are recycling,2020-08-03,23:59:25
Scrubbed,2020-08-03,23:59:26
What happened,2020-08-03,23:59:28
Scrubbed,2020-08-03,23:59:28
It didn t fire,2020-08-03,23:59:33
We are the seeds that s already been dispersed into the universe,2020-08-03,23:59:34
Elon Musk praises Chinese but slams Americans as being entitled mol im a 8587997 via I guess we re good enough to retrieve his space capsule though,2020-08-03,23:59:35
I guess the launch was aborted,2020-08-03,23:59:35
Any status on the 150 meter hop Is this an indication of an abort twitter com NASASpacefligh,2020-08-03,23:59:37
well it didn t explode unlucky how long till the next effort,2020-08-03,23:59:38
Scrub is better than fail we cab wait,2020-08-03,23:59:38
Great Egyptians,2020-08-03,23:59:39
Elon musk and trump to build first Trump tower on mars Scott Baio and James woods to oversee the day to day operations independent co uk life style gad,2020-08-03,23:59:40
Facts I m all with u bro,2020-08-03,23:59:41
Sad day,2020-08-03,23:59:42
was that a abort scrub and any chance of retrying within the hour,2020-08-03,23:59:42
the Starship SN5 150 Meter test was abortl good luck science for the next,2020-08-03,23:59:43
I hope not Damn,2020-08-03,23:59:44
Darn it Was that a detanking,2020-08-03,23:59:44
Scrubbed,2020-08-03,23:59:44
buy it and make MyspaceGreatAgain MMGA,2020-08-03,23:59:44
Yes you can,2020-08-03,23:59:45
Wonder how that feels after watching two astronauts return to Earth by a company that did it in less time and 1 26th the budget as the government estimated it would take Congrats Elon And everyone at SpaceX,2020-08-03,23:59:45
Shoot maybe next week when we are onsite,2020-08-03,23:59:46
Might be extended,2020-08-03,23:59:46
Did you abort,2020-08-03,23:59:46
I know but I mean why did it scrub Get out of here chris,2020-08-03,23:59:47
The Elon Musk joke about the pyramids shows that humor is different around the world,2020-08-03,23:59:49
Looks like it,2020-08-03,23:59:52
Is it scrubbed,2020-08-03,23:59:53
how about a shirt that says Scrubs are cheaper than booms Great quote from,2020-08-03,23:59:53
150m hop Test aborted SpaceX ElonMusk Starship,2020-08-03,23:59:54
very stable genius,2020-08-03,23:59:55
hi Elon What happened to starship No 150m hop today,2020-08-03,23:59:56
Please Mr Musk I have an idea of a Whole Lot of people in DC that I think would be Great to send to Mars,2020-08-03,23:59:56
is the test scrubbed,2020-08-03,23:59:58
I m watching your stream at 2 am,2020-08-03,23:59:58
